[{
          "id": 1, "name": "Sandwich", "price": 99, "active": true, "dateOfLaunch": "2017-03-15",
          "category": "Main Course", "freeDelivery": true,
          "imageUrl": "https://source.unsplash.com/4nHpGXcgq7I/800x600"
        },
        {
          "id": 2, "name": "Burger", "price": 129, "active": true, "dateOfLaunch": "2017-12-23",
          "category": "Main Course", "freeDelivery": false,
          "imageUrl": "https://source.unsplash.com/4hgYULBzVEE/800x600"
        },
        {
          "id": 3, "name": "Pizza", "price": 149, "active": true, "dateOfLaunch": "2017-08-21",
          "category": "Main Course", "freeDelivery": false,
          "imageUrl": "https://source.unsplash.com/HGPlnmepMAA/800x600"
        },
        {
          "id": 4, "name": "French Fries", "price": 57, "active": false, "dateOfLaunch":"2017-03-02",
          "category": "Starters", "freeDelivery": true,
          "imageUrl": "https://source.unsplash.com/Uf0aVyl5C70/800x600"
        },
        {
          "id": 5, "name": "Chocolate Brownie", "price": 32, "active": true, "dateOfLaunch":"2018-11-02",
          "category": "Dessert", "freeDelivery": true,
          "imageUrl": "https://source.unsplash.com/1rqk6XVnw44/800x600"
        
      }
    ]