<?xml version="1.0" encoding="UTF-8"?>
<beans xmlns="http://www.springframework.org/schema/beans"
	xmlns:xsi="http://www.w3.org/2001/XMLSchema-instance"
	xmlns:context="http://www.springframework.org/schema/context"
	xsi:schemaLocation="http://www.springframework.org/schema/beans
        http://www.springframework.org/schema/beans/spring-beans.xsd
        http://www.springframework.org/schema/context
        http://www.springframework.org/schema/context/spring-context.xsd">
<bean id="menuItems" class="java.util.ArrayList">
	<constructor-arg>
		<list>
			<ref bean="item1"></ref>
			<ref bean="item2"></ref>
			<ref bean="item3"></ref>
			<ref bean="item4"></ref>
			<ref bean="item5"></ref>
		</list>
	</constructor-arg>
</bean>
<bean id="item1" class="com.cognizant.truyum.model.MenuItem">
	<property name="id" value="1" />
	<property name="imageUrl" value="https://source.unsplash.com/4nHpGXcgq7I/800x600" />
    <property name="name" value="Sandwich" />
    <property name="price" value="99" />
    <property name="active" value="true" />
    <property name="dateOfLaunch" value="10/03/2017" />
    <property name="category" value="Main Course" />
    <property name="freeDelivery" value="true" />
</bean>
<bean id="item2" class="com.cognizant.truyum.model.MenuItem">
	<property name="id" value="2" />
	<property name="imageUrl" value="https://source.unsplash.com/4hgYULBzVEE/800x600" />
    <property name="name" value="Burger" />
    <property name="price" value="129" />
    <property name="active" value="true" />
    <property name="dateOfLaunch" value="13/12/2017" />
    <property name="category" value="Main Course" />
    <property name="freeDelivery" value="false" />
</bean>
<bean id="item3" class="com.cognizant.truyum.model.MenuItem">
	<property name="id" value="3" />
	<property name="imageUrl" value="https://source.unsplash.com/HGPlnmepMAA/800x600" />
    <property name="name" value="Pizza" />
    <property name="price" value="149" />
    <property name="active" value="true" />
    <property name="dateOfLaunch" value="21/08/2018" />
    <property name="category" value="Main Course" />
    <property name="freeDelivery" value="false" />
</bean>
<bean id="item4" class="com.cognizant.truyum.model.MenuItem">
	<property name="id" value="4" />
	<property name="imageUrl" value="https://source.unsplash.com/Uf0aVyl5C70/800x600" />
    <property name="name" value="French Fries" />
    <property name="price" value="57" />
    <property name="active" value="false" />
    <property name="dateOfLaunch" value="02/07/2017" />
    <property name="category" value="Starters" />
    <property name="freeDelivery" value="true" />
</bean>
<bean id="item5" class="com.cognizant.truyum.model.MenuItem">
	<property name="id" value="5" />
	<property name="imageUrl" value="https://source.unsplash.com/1rqk6XVnw44/800x600" />
    <property name="name" value="Chocolate Brownie" />
    <property name="price" value="32" />
    <property name="active" value="true" />
    <property name="dateOfLaunch" value="02/11/2022" />
    <property name="category" value="Dessert" />
    <property name="freeDelivery" value="true" />
</bean>
</beans>